feature_set,dim,ndvi_r2,height_r2,mean_r2
all_models_center_pca256,256,0.5937397871266714,0.4364483046843233,0.5150940459054973
all_models_original_pca256,256,0.5830294925950404,0.4137159907912341,0.4983727416931373
dinov2_large_all_crops_pca256,256,0.5680160538865827,0.42453359090985243,0.4962748223982176
all_models_highveg_pca256,256,0.6189284857553772,0.37080605759070895,0.49486727167304306
siglip_base_all_crops_pca256,256,0.5691595134995531,0.4035694303439461,0.4863644719217496
all_models_all_crops_pca256,256,0.5942247710405946,0.34908248855245894,0.47165362979652675
all_models_canopy_pca256,256,0.4590168633856827,0.23757184128012232,0.3482943523329025
convnextv2_base_all_crops_pca256,256,0.5213314623672447,0.15303437708293144,0.33718291972508807
