feature_set,model,dim,cv_weighted_r2,Dry_Green_g,Dry_Dead_g,Dry_Clover_g,GDM_g,Dry_Total_g
raw_all_models_original,xgboost,2818,0.6083363627845746,0.6494431820779196,0.4177185819796494,0.5630756140618367,0.6918132926493301,0.6138999328855359
raw_all_models_all_crops,xgboost,11266,0.6072000381459152,0.6285385985862748,0.39252602537674075,0.5712495577346414,0.6781612926523497,0.6246727228913591
raw_all_models_original,lightgbm,2818,0.5972369871098051,0.6110953876624308,0.4422105991048394,0.5998253034448852,0.6680814980028851,0.5966151169760251
raw_all_models_all_crops,lightgbm,11266,0.5955227258708815,0.6195815195798231,0.3976503666190615,0.5846647360283717,0.6573270315710009,0.6077353146679114
raw_all_models_highveg,xgboost,2818,0.5891810250923032,0.5997280040977565,0.37613913635838336,0.5739077372529423,0.6602715408250298,0.604298458312778
raw_all_models_highveg,lightgbm,2818,0.5728823017692088,0.5825317977702882,0.37430798414858646,0.5871768181753922,0.6103309548729008,0.5928289015704041
