feature_set,dim,ndvi_r2,height_r2,mean_r2
raw_all_models_all_crops,11264,0.9209851372865735,0.8960169997064236,0.9085010684964985
raw_all_models_original,2816,0.9076410185825909,0.8926975984223544,0.9001693085024727
raw_all_models_highveg,2816,0.9091428747597811,0.8783870480988465,0.8937649614293137
