,Dry_Green_g,Dry_Dead_g,Dry_Clover_g,GDM_g,Dry_Total_g
Dry_Green_g,1.0,0.09555371231377069,-0.2765824593305317,0.8842568613952524,0.8303145706304527
Dry_Dead_g,0.09555371231377069,1.0,-0.1755484817548742,0.012028012441295706,0.4539123232970276
Dry_Clover_g,-0.2765824593305317,-0.1755484817548742,1.0,0.20421330709765817,0.10418498080275204
GDM_g,0.8842568613952524,0.012028012441295706,0.20421330709765817,1.0,0.8964413677514678
Dry_Total_g,0.8303145706304527,0.4539123232970276,0.10418498080275204,0.8964413677514678,1.0
